1, Rajnish, jaisankar, 2002-10-07, 9176960600, rajnish@gmail.com, Rajnish@07, 2024-10-16T15:52:48.227359, 2024-10-16T15:52:48.227359, null
2, sabat, ramesh, 2002-10-14, 8975642130, sabari@gmail.com, Sabari@123, 2024-10-16T15:54:31.079416, 2024-10-16T15:54:31.079416, null
3, Hardik, Jai, 1989-03-05, 1235577890, Hardik.Pandya@example.com, Pandya@12345, 2024-10-16T16:12:28.295090, 2024-10-16T16:13:18.531355, null
4, Suriya, Sivakumar, 1975-07-23, 9996543210, suriya.actor@example.com, Suriya@1234, 2024-10-16T16:13:35.966181, 2024-10-16T16:13:35.966181, null
5, Ab, Villieres, 1990-05-20, 9876544410, ab.villieres@example.com, Strong@1234, 2024-10-16T16:21:21.258061, 2024-10-16T16:21:21.258061, null
23, Leena, Jai, 1981-11-12, 9171130111, leejai@gmail.com, Leejai@2910, 2024-10-17T19:23:19.179496, 2024-10-17T19:23:19.179496, null
27, sam, jerome, 2002-06-14, 8769251430, sam@gmail.com, SamJe@123, 2024-10-17T19:34:38.341449, 2024-10-17T19:34:38.341449, null
30, sanjay, sekar, 2002-07-15, 9940472821, sanjay@gmail.com, Sanjay@156, 2024-10-17T20:11:01.937695, 2024-10-17T20:11:01.937695, null
31, ragul, rajesh, 2002-08-17, 8921470234, raghul@gmail.com, Ragul@123, 2024-10-17T20:29:38.280274, 2024-10-17T20:29:38.280274, null
33, Steve, Smith, 1989-06-02, 9856743220, steve.smith@gmail.com, Smith@1234, 2024-10-17T20:31:17.025673, 2024-10-17T20:31:17.025673, null
35, Chris, Gayle, 1979-09-21, 9790961445, chris.gayle@example.com, Gayle@1234, 2024-10-17T20:35:20.445558, 2024-10-17T20:35:20.445558, null
36, rakesh, saravana, 2002-08-17, 7203363345, rakesh@gmail.com, Rakesh@456, 2024-10-18T10:23:24.093036, 2024-10-18T10:23:24.093036, null
37, John, Doe, 1990-01-15, 9876543210, john.doe@example.com, JohnDoe@123, 2024-10-18T10:32:31.404296, 2024-10-18T10:32:31.404296, null
44, kane, willamson, 1988-01-15, 9889566541, kane@gmail.com, Kane@199, 2024-10-19T09:49:09.802546, 2024-10-19T09:49:09.802546, null
48, srima, srinivasan, 2002-11-15, 6312457895, srima@gmail.com, Srima@1345, 2024-11-02T16:27:38.909324, 2024-11-02T16:27:38.909324, null
66, ravi, Jai, 1988-01-15, 9878566541, ravi@gmail.com, Ashween@199, 2024-11-05T12:29:24.783787, 2024-11-05T19:36:14.719126, null
69, Dwayne, Bravo, 1983-10-07, 9876547680, dwayne.bravo@gmail.com, Bravo@1234, 2024-11-05T19:37:02.065112, 2024-11-05T19:37:02.065112, null
70, senthil, dhanda, 1978-10-18, 7448334343, senthil@gmail.com, Senthil@147, 2024-11-06T14:04:53.645326, 2024-11-06T14:04:53.645326, null
